{"version":2,"languages":{"nodejs-npm":{"specfileHash":"d9b7550bc740ae09c0d2b74219aec986","lockfileHash":"1ab24ed1ddb0fe13d775ca34bc537c1f","guessedImports":["react-dom","ethers","@vitejs/plugin-react-refresh","react"],"guessedImportsHash":"b662f3db5e668a9ea9a08caf0c9328f8"},"nodejs-yarn":{"specfileHash":"36fe129750f9b571f62775768dfd2747","lockfileHash":"8cd20b0f91e5e007eadff22a3178e342","guessedImports":["@vitejs/plugin-react-refresh","react","react-dom"],"guessedImportsHash":"24f6f3418ae857900ebf7b7e00dc4a7b"}}}
